<annotation>
	<folder>dataset_resized</folder>
	<filename>358328734_803061761411426_2816452225825545683_n.jpg</filename>
	<path>D:\PyCharm_Project\dataset_resized\358328734_803061761411426_2816452225825545683_n.jpg</path>
	<source>
		<database>Unknown</database>
	</source>
	<size>
		<width>416</width>
		<height>416</height>
		<depth>3</depth>
	</size>
	<segmented>0</segmented>
	<object>
		<name>dung</name>
		<pose>Unspecified</pose>
		<truncated>0</truncated>
		<difficult>0</difficult>
		<bndbox>
			<xmin>99</xmin>
			<ymin>93</ymin>
			<xmax>335</xmax>
			<ymax>328</ymax>
		</bndbox>
	</object>
</annotation>
