<annotation>
	<folder>dataset_resized</folder>
	<filename>frame701.jpg</filename>
	<path>D:\PyCharm_Project\dataset_resized\frame701.jpg</path>
	<source>
		<database>Unknown</database>
	</source>
	<size>
		<width>416</width>
		<height>416</height>
		<depth>3</depth>
	</size>
	<segmented>0</segmented>
	<object>
		<name>hieu</name>
		<pose>Unspecified</pose>
		<truncated>0</truncated>
		<difficult>0</difficult>
		<bndbox>
			<xmin>98</xmin>
			<ymin>38</ymin>
			<xmax>230</xmax>
			<ymax>263</ymax>
		</bndbox>
	</object>
</annotation>
