<annotation>
	<folder>dataset_resized</folder>
	<filename>frame91.jpg</filename>
	<path>D:\PyCharm_Project\dataset_resized\frame91.jpg</path>
	<source>
		<database>Unknown</database>
	</source>
	<size>
		<width>416</width>
		<height>416</height>
		<depth>3</depth>
	</size>
	<segmented>0</segmented>
	<object>
		<name>dung</name>
		<pose>Unspecified</pose>
		<truncated>0</truncated>
		<difficult>0</difficult>
		<bndbox>
			<xmin>34</xmin>
			<ymin>59</ymin>
			<xmax>327</xmax>
			<ymax>293</ymax>
		</bndbox>
	</object>
</annotation>
