<annotation>
	<folder>dataset_resized</folder>
	<filename>IMG_7598.JPG</filename>
	<path>D:\PyCharm_Project\dataset_resized\IMG_7598.JPG</path>
	<source>
		<database>Unknown</database>
	</source>
	<size>
		<width>416</width>
		<height>416</height>
		<depth>3</depth>
	</size>
	<segmented>0</segmented>
	<object>
		<name>dung</name>
		<pose>Unspecified</pose>
		<truncated>0</truncated>
		<difficult>0</difficult>
		<bndbox>
			<xmin>146</xmin>
			<ymin>5</ymin>
			<xmax>390</xmax>
			<ymax>371</ymax>
		</bndbox>
	</object>
</annotation>
