<annotation>
	<folder>dataset_resized_2</folder>
	<filename>img1368.jpg</filename>
	<path>D:\PyCharm_Project\dataset_resized_2\img1368.jpg</path>
	<source>
		<database>Unknown</database>
	</source>
	<size>
		<width>416</width>
		<height>416</height>
		<depth>3</depth>
	</size>
	<segmented>0</segmented>
	<object>
		<name>son</name>
		<pose>Unspecified</pose>
		<truncated>0</truncated>
		<difficult>0</difficult>
		<bndbox>
			<xmin>15</xmin>
			<ymin>120</ymin>
			<xmax>283</xmax>
			<ymax>324</ymax>
		</bndbox>
	</object>
</annotation>
