<annotation>
	<folder>dataset_resized_2</folder>
	<filename>img1179.jpg</filename>
	<path>D:\PyCharm_Project\dataset_resized_2\img1179.jpg</path>
	<source>
		<database>Unknown</database>
	</source>
	<size>
		<width>416</width>
		<height>416</height>
		<depth>3</depth>
	</size>
	<segmented>0</segmented>
	<object>
		<name>dung</name>
		<pose>Unspecified</pose>
		<truncated>0</truncated>
		<difficult>0</difficult>
		<bndbox>
			<xmin>71</xmin>
			<ymin>108</ymin>
			<xmax>303</xmax>
			<ymax>291</ymax>
		</bndbox>
	</object>
</annotation>
